model,kimgs,fid
adaptive,5000,74.82466049754024
adaptive,10000,63.37110276669651
adaptive,15000,60.73420482550881
adaptive,20000,56.67916687181554
